affiliation-iri, affiliation-fullname, author-iri, author-fullname
<http://ceur-ws.org/affiliation/northern-arizona-university>, "Northern Arizona University", <http://ceur-ws.org/author/omar-badreddin>, "Omar Badreddin"
<http://ceur-ws.org/affiliation/ben-gurion-university-of-the-negev>, "Ben-Gurion University of the Negev", <http://ceur-ws.org/author/arnon-sturm>, "Arnon Sturm"
<http://ceur-ws.org/affiliation/concordia-university>, "Concordia University", <http://ceur-ws.org/author/abdelwahab-hamou-lhadj>, "Abdelwahab Hamou-Lhadj"
<http://ceur-ws.org/affiliation/university-of-ottawa>, "University of Ottawa", <http://ceur-ws.org/author/timothy-lethbridge>, "Timothy Lethbridge"
<http://ceur-ws.org/affiliation/northern-arizona-university>, "Northern Arizona University", <http://ceur-ws.org/author/waylon-dixon>, "Waylon Dixon"
<http://ceur-ws.org/affiliation/northern-arizona-university>, "Northern Arizona University", <http://ceur-ws.org/author/ryan-simmons>, "Ryan Simmons"
