affiliation-iri, affiliation-fullname, author-iri, author-fullname
<http://ceur-ws.org/affiliation/fbk–irst>, "FBK–IRST", <http://ceur-ws.org/author/mauro-dragoni>, "Mauro Dragoni"
<http://ceur-ws.org/affiliation/know-center-graz>, "Know-Center Graz", <http://ceur-ws.org/author/andi-rexha>, "Andi Rexha"
<http://ceur-ws.org/affiliation/celi-srl>, "Celi s.r.l.", <http://ceur-ws.org/author/matteo-casu>, "Matteo Casu"
<http://ceur-ws.org/affiliation/celi-srl>, "Celi s.r.l.", <http://ceur-ws.org/author/alessio-bosca>, "Alessio Bosca"
